Status,Issue #,Priority,Category,Issue,Tenant,Unit,Closed,Description
FIRST NO ACCESS TO RE- INSPECT VIOLATION,4962300,B,Violations,4962300,,3F,,"SECTION 27-2005 ADM CODE & 309 M/D LAW ABATE THE NUISANCE CONSISTING OF CONCEALED WATER LEAK OVER CEILING IN THE BATHROOM LOCATED AT APT 3F, 3rd STORY, 3rd APARTMENT FROM WEST AT NORTH"
NOT COMPLIED WITH,225462,B,Violations,225462,,4J,,"SECTION 27-2018 ADM CODE ABATE THE NUISANCE CONSISTING OF VERMIN ROACHES AT 4 STY APT 4J. , SECTION '' ''"
FIRST NO ACCESS TO RE- INSPECT VIOLATION,7166618,B,Violations,7166618,,1G,,"SECTION 27-2005 ADM CODE & 309 M/D LAW ABATE THE NUISANCE CONSISTING OF CONCEALED WATER LEAK AT CEILING IN THE 2nd ROOM FROM NORTH LOCATED AT APT 1G, 1st STORY, 4th APARTMENT FROM SOUTH AT WEST"
NOT COMPLIED WITH,8038322,B,Violations,8038322,,4J,,"SECTION 27-2005 ADM CODE REPAIR THE BROKEN OR DEFECTIVE PLASTERED SURFACES AND PAINT IN A UNIFORM COLOR THE CEILING IN THE SOUTH BEDROOM LOCATED AT APT 4J, 4th STORY, APARTMENT AT NORTH"
NOT COMPLIED WITH,8819504,B,Violations,8819504,,4J,,"SECTION 27-2005 ADM CODE REPAIR THE BROKEN OR DEFECTIVE PLASTERED SURFACES AND PAINT IN A UNIFORM COLOR CEILING IN THE 1st BEDROOM FROM EAST AT SOUTH LOCATED AT APT 4J, 4th STORY, APARTMENT AT NORTH"
FIRST NO ACCESS TO RE- INSPECT VIOLATION,12975389,C,Violations,12975389,,3A,,"HMC ADM CODE: ï¿½ 27-2017.4 ABATE THE INFESTATION CONSISTING OF ROACHES IN THE ENTIRE APARTMENT LOCATED AT APT 3A, 3rd STORY, 3rd APARTMENT FROM NORTH AT EAST"
DEFECT LETTER ISSUED,14412570,C,Violations,14412570,,3G,,"HMC ADM CODE: ï¿½ 27-2017.4 ABATE THE INFESTATION CONSISTING OF ROACHES IN THE ENTIRE APARTMENT LOCATED AT APT 3G, 3rd STORY, 5th APARTMENT FROM SOUTH AT WEST"
NOV SENT OUT,15187429,B,Violations,15187429,,1E,,"SECTION 27-2005 ADM CODE PROPERLY SECURE THE LOOSE LOWER SASH OF SOUTH WINDOW IN THE 1st ROOM FROM NORTH AT WEST LOCATED AT APT 1E, 1st STORY, 2nd APARTMENT FROM SOUTH AT WEST"
FIRST NO ACCESS TO RE- INSPECT VIOLATION,13763649,B,Violations,13763649,,6E,,"SECTION 27-2005 ADM CODE REPAIR THE BROKEN OR DEFECTIVE PLASTERED SURFACES AND PAINT IN A UNIFORM COLOR ALL WALLS AND CEILINGS IN THE 3rd ROOM FROM NORTH AT WEST LOCATED AT APT 6E, 6th STORY, 2nd APARTMENT FROM SOUTH AT WEST"
FIRST NO ACCESS TO RE- INSPECT VIOLATION,13763668,B,Violations,13763668,,6E,,"SECTION 27-2005 ADM CODE REPAIR THE BROKEN OR DEFECTIVE PLASTERED SURFACES AND PAINT IN A UNIFORM COLOR ALL WALLS AND CEILINGS IN THE 1st ROOM FROM NORTH AT WEST LOCATED AT APT 6E, 6th STORY, 2nd APARTMENT FROM EAST AT SOUTH"
FIRST NO ACCESS TO RE- INSPECT VIOLATION,13763691,B,Violations,13763691,,6E,,"SECTION 27-2005 ADM CODE REPAIR THE BROKEN OR DEFECTIVE PLASTERED SURFACES AND PAINT IN A UNIFORM COLOR ALL WALLS AND CEILINGS IN THE FOYER LOCATED AT APT 6E, 6th STORY, 2nd APARTMENT FROM SOUTH AT WEST"
FIRST NO ACCESS TO RE- INSPECT VIOLATION,13763699,B,Violations,13763699,,6E,,"SECTION 27-2005 ADM CODE REPAIR THE BROKEN OR DEFECTIVE PLASTERED SURFACES AND PAINT IN A UNIFORM COLOR ALL WALLS AND CEILINGS IN THE PRIVATE HALLWAY LOCATED AT APT 6E, 6th STORY, 2nd APARTMENT FROM SOUTH AT WEST"
FIRST NO ACCESS TO RE- INSPECT VIOLATION,13763712,B,Violations,13763712,,6E,,"SECTION 27-2005 ADM CODE PROPERLY REPAIR THE BROKEN OR DEFECTIVE MECHANICAL VENT AT EAST WALL IN THE KITCHEN LOCATED AT APT 6E, 6th STORY, 2nd APARTMENT FROM SOUTH AT WEST"
NOT COMPLIED WITH,13989025,C,Violations,13989025,,3B,,"HMC ADM CODE: ï¿½ 27-2017.4 ABATE THE INFESTATION CONSISTING OF ROACHES IN THE ENTIRE APARTMENT LOCATED AT APT 3B, 3rd STORY, 2nd APARTMENT FROM NORTH AT EAST , SECTION ''SOUTH''"
NOV SENT OUT,15187436,C,Violations,15187436,,,,"SECTION 27-2005 ADM CODE PROPERLY REPAIR THE BROKEN OR DEFECTIVE HINGES AT FIRE DOOR IN BETWEEN NORTH AND SOUTH SECTIONS AT PUBLIC HALL, 1st STORY"
NOT COMPLIED WITH,13867770,B,Violations,13867770,,2A,,"SECTION 27-2005 ADM CODE REPAIR THE BROKEN OR DEFECTIVE PLASTERED SURFACES AND PAINT IN A UNIFORM COLOR AT CEILING , NORTH AND WEST WALL IN THE BATHROOM LOCATED AT APT 2A, 2nd STORY, 3rd APARTMENT FROM NORTH AT EAST"
FIRST NO ACCESS TO RE- INSPECT VIOLATION,14515241,C,Violations,14515241,,3A,,"HMC ADM CODE: ï¿½ 27-2017.4 ABATE THE INFESTATION CONSISTING OF MICE IN THE ENTIRE APARTMENT LOCATED AT APT 3A, 3rd STORY, 4th APARTMENT FROM NORTH AT EAST"
FIRST NO ACCESS TO RE- INSPECT VIOLATION,14515244,C,Violations,14515244,,3A,,"HMC ADM CODE: ï¿½ 27-2017.4 ABATE THE INFESTATION CONSISTING OF ROACHES IN THE ENTIRE APARTMENT LOCATED AT APT 3A, 3rd STORY, 4th APARTMENT FROM NORTH AT EAST"
DEFECT LETTER ISSUED,14515326,C,Violations,14515326,,,,HMC ADM CODE: ï¿½ 27-2017.4 ABATE THE INFESTATION CONSISTING OF RODENTS AT CELLAR
FIRST NO ACCESS TO RE- INSPECT VIOLATION,14333656,A,Violations,14333656,,3A,,"SECTION 27-2013 ADM CODE PAINT WITH LIGHT COLORED PAINT TO THE SATISFACTION OF THIS DEPARTMENT THE NORTH WALL IN THE FOYER LOCATED AT APT 3A, 3rd STORY, 3rd APARTMENT FROM NORTH AT EAST"
NOT COMPLIED WITH,14533627,B,Violations,14533627,,4F,,"SECTION 27-2026, 2027 HMC: PROPERLY REPAIR THE SOURCE AND ABATE THE EVIDENCE OF A WATER LEAK AT CEILING IN THE KITCHEN LOCATED AT APT 4F, 4th APARTMENT FROM SOUTH AT WEST"
NOT COMPLIED WITH,14533742,B,Violations,14533742,,5D,,"SECTION 27-2026, 2027 HMC: PROPERLY REPAIR THE SOURCE AND ABATE THE EVIDENCE OF A WATER LEAK AT CEILING IN THE BATHROOM LOCATED AT APT 5D, 5th STORY, 1st APARTMENT FROM SOUTH AT WEST"
NOV SENT OUT,15208344,C,Violations,15208344,,3L,,"SECTION 27-2026, 2027 HMC: PROPERLY REPAIR THE SOURCE AND ABATE THE EVIDENCE OF A WATER LEAK AT CEILING IN THE BATHROOM LOCATED AT APT 3L, 3rd STORY, 2nd APARTMENT FROM NORTH AT EAST"
FIRST NO ACCESS TO RE- INSPECT VIOLATION,14724030,B,Violations,14724030,,2B,,"SECTION 27-2026, 2027 HMC: PROPERLY REPAIR THE SOURCE AND ABATE THE EVIDENCE OF A WATER LEAK AT CEILING IN THE 1st ROOM FROM NORTH LOCATED AT APT 2B, 2nd STORY, 4th APARTMENT FROM WEST AT NORTH"
NOT COMPLIED WITH,14944116,A,Violations,14944116,,,,"SECTION 27-2013 ADM CODE PAINT WITH LIGHT COLORED PAINT TO THE SATISFACTION OF THIS DEPARTMENT THE EAST WALL AT PUBLIC HALL, 1st STORY, SECTION ''SOUTH''"
NOT COMPLIED WITH,14956647,B,Violations,14956647,,2K,,"SECTION 27-2005 ADM CODE PROPERLY REPAIR WITH SIMILAR MATERIAL THE BROKEN OR DEFECTIVE CERAMIC TILES FLOOR IN THE BATHROOM LOCATED AT APT 2K, 2nd STORY, 1st APARTMENT FROM NORTH AT EAST"
VIOLATION WILL BE REINSPECTED,14339208,C,Violations,14339208,,,,SECTION 27-2005 ADM CODE PROPERLY REPAIR THE BROKEN OR DEFECTIVE VESTIBULE TO LOBBY DOOR LOCK AT BUILDING ENTRANCE AT PUBLIC HALL
NOT COMPLIED WITH,8819502,B,Violations,8819502,,4J,,"SECTION 27-2018 ADMIN. CODE: ABATE THE NUISANCE CONSISTING OF ROACHES IN THE ENTIRE APARTMENT LOCATED AT APT 4J, 4th STORY, APARTMENT AT NORTH"
NOT COMPLIED WITH,13794504,C,Violations,13794504,,5C,,"HMC ADM CODE: ï¿½ 27-2017.4 ABATE THE INFESTATION CONSISTING OF ROACHES IN THE ENTIRE APARTMENT LOCATED AT APT 5C, 5th STORY, 3rd APARTMENT FROM NORTH AT EAST , SECTION ''SOUTH ''"
DEFECT LETTER ISSUED,13814529,C,Violations,13814529,,,,"HMC ADM CODE: ï¿½ 27-2017.4 ABATE THE INFESTATION CONSISTING OF ROACHES AT PUBLIC HALL, 3rd STORY"
DEFECT LETTER ISSUED,13867834,B,Violations,13867834,,2A,,"SECTION 27-2017.3 HMC: TRACE AND REPAIR THE SOURCE AND ABATE THE VISIBLE MOLD CONDITION... AT CEILING , NORTH AND WEST WALL IN THE BATHROOM LOCATED AT APT 2A, 2nd STORY, 3rd APARTMENT FROM NORTH AT EAST"
FIRST NO ACCESS TO RE- INSPECT VIOLATION,13883089,C,Violations,13883089,,3F,,"HMC ADM CODE: ï¿½ 27-2017.4 ABATE THE INFESTATION CONSISTING OF ROACHES IN THE ENTIRE APARTMENT LOCATED AT APT 3F, 3rd STORY, 1st APARTMENT FROM SOUTH AT WEST , SECTION AT NORTH"
DEFECT LETTER ISSUED,14037200,B,Violations,14037200,,2A,,"SECTION 27-2017.3 HMC: TRACE AND REPAIR THE SOURCE AND ABATE THE VISIBLE MOLD CONDITION... AT CEILING AND SOUTH WALL IN THE KITCHEN LOCATED AT APT 2A, 2nd STORY, 3rd APARTMENT FROM NORTH AT EAST ORIGINAL VIOLATION 13867842 ISSUED 24-OCT-20 HAS BEEN UPGRADED TO CLASS B PER ADMINISTRATIVE CODE 27-2017.3a(3)(a) or (b)."
FIRST NO ACCESS TO RE- INSPECT VIOLATION,14515275,C,Violations,14515275,,2H,,"HMC ADM CODE: ï¿½ 27-2017.4 ABATE THE INFESTATION CONSISTING OF MICE IN THE ENTIRE APARTMENT LOCATED AT APT 2H, 2nd STORY, 5th APARTMENT FROM SOUTH AT WEST"
FIRST NO ACCESS TO RE- INSPECT VIOLATION,14515276,C,Violations,14515276,,2H,,"HMC ADM CODE: ï¿½ 27-2017.4 ABATE THE INFESTATION CONSISTING OF ROACHES IN THE ENTIRE APARTMENT LOCATED AT APT 2H, 2nd STORY, 5th APARTMENT FROM SOUTH AT WEST"
DEFECT LETTER ISSUED,14533734,C,Violations,14533734,,5D,,"HMC ADM CODE: ï¿½ 27-2017.4 ABATE THE INFESTATION CONSISTING OF MICE IN THE ENTIRE APARTMENT LOCATED AT APT 5D, 5th STORY, 1st APARTMENT FROM SOUTH AT WEST"
DEFECT LETTER ISSUED,14533735,C,Violations,14533735,,5D,,"HMC ADM CODE: ï¿½ 27-2017.4 ABATE THE INFESTATION CONSISTING OF ROACHES IN THE ENTIRE APARTMENT LOCATED AT APT 5D, 5th STORY, 1st APARTMENT FROM SOUTH AT WEST"
NOT COMPLIED WITH,14713589,C,Violations,14713589,,,,"SECTION 27-2005 ADM CODE PROPERLY REPAIR THE BROKEN OR DEFECTIVE THE VESTIBULE DOOR LOCKSET, AT BASEMENT AT PUBLIC HALL"
DEFECT LETTER ISSUED,14735623,C,Violations,14735623,,2A,,"HMC ADM CODE: ï¿½ 27-2017.4 ABATE THE INFESTATION CONSISTING OF ROACHES IN THE ENTIRE APARTMENT LOCATED AT APT 2A, 2nd STORY, 3rd APARTMENT FROM WEST AT NORTH"
NOT COMPLIED WITH,14944184,A,Violations,14944184,,4C,,"SECTION 27-2013 ADM CODE PAINT WITH LIGHT COLORED PAINT TO THE SATISFACTION OF THIS DEPARTMENT THE CEILING AND ALL WALLS IN THE ENTIRE APARTMENT LOCATED AT APT 4C, 4th STORY, 5th APARTMENT FROM NORTH AT EAST"
NOT COMPLIED WITH,14944553,A,Violations,14944553,,,,"SECTION 27-2013 ADM CODE PAINT WITH LIGHT COLORED PAINT TO THE SATISFACTION OF THIS DEPARTMENT THE CEILING AND WEST WALL AT SOUTH BULKHEAD , SECTION ''NORTH ''"
NOT COMPLIED WITH,15113520,B,Violations,15113520,,,,"SECTION 27-2040 ADM CODE INSTALL AND MAINTAIN SUFFICIENT LIGHT OR LIGHTS OF AT LEAST 100 WATTS INCANDESCENT OR EQUIVALENT EACH, TO LIGHT ADEQUATELY FROM SUNSET TO SUNRISE THE SOUTH YARD"
FIRST NO ACCESS TO RE- INSPECT VIOLATION,14944288,C,Violations,14944288,,3E,,"SECTION 27-2005 ADM CODE & 309 M/D LAW ABATE THE NUISANCE CONSISTING OF KEY OPERATED LOCK INSTALLED AT DOOR LEADING TO THE FIRE ESCAPE EXIT IN THE 3rd ROOM FROM NORTH LOCATED AT APT 3E, 3rd STORY, 2nd APARTMENT FROM SOUTH AT WEST"
NOT COMPLIED WITH,14944547,B,Violations,14944547,,,,"SECTION 27-2005 ADM CODE REPAIR THE ROOF SO THAT IT WILL NOT LEAK AT CEILING AT SOUTH BULKHEAD , SECTION ''NORTH ''"
VIOLATION WILL BE REINSPECTED,14340047,C,Violations,14340047,,,,"SECTION 27-2005 ADM CODE PROPERLY REPAIR THE BROKEN OR DEFECTIVE MORTISE LOCK AT VESTIBULE DOOR AT PUBLIC HALL, 1st STORY"
FIRST NO ACCESS TO RE- INSPECT VIOLATION,8505156,B,Violations,8505156,,1G,,"SECTION 27-2005 ADM CODE & 309 M/D LAW ABATE THE NUISANCE CONSISTING OF CONCEALED WATER LEAK CEILING IN THE BATHROOM LOCATED AT APT 1G, 1st STORY, APARTMENT AT WEST"
FIRST NO ACCESS TO RE- INSPECT VIOLATION,14134847,C,Violations,14134847,,3A,,"HMC ADM CODE: ï¿½ 27-2017.4 ABATE THE INFESTATION CONSISTING OF ROACHES IN THE ENTIRE APARTMENT LOCATED AT APT 3A, 3rd STORY, 3rd APARTMENT FROM NORTH AT EAST"
FIRST NO ACCESS TO RE- INSPECT VIOLATION,13864086,C,Violations,13864086,,3F,,"HMC ADM CODE: ï¿½ 27-2017.4 ABATE THE INFESTATION CONSISTING OF ROACHES IN THE ENTIRE APARTMENT LOCATED AT APT 3F, 4th STORY, 4th APARTMENT FROM EAST AT SOUTH"
FIRST NO ACCESS TO RE- INSPECT VIOLATION,14333660,A,Violations,14333660,,3A,,"SECTION 27-2013 ADM CODE PAINT WITH LIGHT COLORED PAINT TO THE SATISFACTION OF THIS DEPARTMENT THE CEILING, WEST WALL IN THE PRIVATE HALLWAY LOCATED AT APT 3A, 3rd STORY, 3rd APARTMENT FROM NORTH AT EAST"
FIRST NO ACCESS TO RE- INSPECT VIOLATION,14333661,A,Violations,14333661,,3A,,"SECTION 27-2013 ADM CODE PAINT WITH LIGHT COLORED PAINT TO THE SATISFACTION OF THIS DEPARTMENT THE CEILING, WEST WALL IN THE PRIVATE HALLWAY LOCATED AT APT 3A, 3rd STORY, 3rd APARTMENT FROM NORTH AT EAST"
FIRST NO ACCESS TO RE- INSPECT VIOLATION,13814535,B,Violations,13814535,,3A,,"SECTION 27-2026, 2027 HMC: PROPERLY REPAIR THE SOURCE AND ABATE THE EVIDENCE OF A WATER LEAK AT THE CEILING IN THE BATHROOM LOCATED AT APT 3A, 3rd STORY, 3rd APARTMENT FROM WEST AT NORTH"
FIRST NO ACCESS TO RE- INSPECT VIOLATION,14569934,B,Violations,14569934,,6L,,"SECTION 27-2026, 2027 HMC: PROPERLY REPAIR THE SOURCE AND ABATE THE EVIDENCE OF A WATER LEAK AT CEILING IN THE 1st ROOM FROM EAST LOCATED AT APT 6L, 6th STORY, 2nd APARTMENT FROM NORTH AT EAST"
FIRST NO ACCESS TO RE- INSPECT VIOLATION,12975390,B,Violations,12975390,,3A,,"SECTION 27-2005 ADM CODE REPAIR THE BROKEN OR DEFECTIVE PLASTERED SURFACES AND PAINT IN A UNIFORM COLOR AT WEST WALL, CEILING IN THE 2nd ROOM FROM NORTH LOCATED AT APT 3A, 3rd STORY, 3rd APARTMENT FROM NORTH AT EAST"
FIRST NO ACCESS TO RE- INSPECT VIOLATION,12975391,B,Violations,12975391,,3A,,"SECTION 27-2005 ADM CODE REPAIR THE BROKEN OR DEFECTIVE PLASTERED SURFACES AND PAINT IN A UNIFORM COLOR AT SOUTH WALL, EAST WALL IN THE PRIVATE HALLWAY LOCATED AT APT 3A, 3rd STORY, 3rd APARTMENT FROM NORTH AT EAST"
FIRST NO ACCESS TO RE- INSPECT VIOLATION,12975392,B,Violations,12975392,,3A,,"SECTION 27-2005 ADM CODE REPAIR THE BROKEN OR DEFECTIVE PLASTERED SURFACES AND PAINT IN A UNIFORM COLOR AT WEST WALL, NORTH WALL, CEILING IN THE FOYER LOCATED AT APT 3A, 3rd STORY, 3rd APARTMENT FROM NORTH AT EAST"
FIRST NO ACCESS TO RE- INSPECT VIOLATION,12975394,B,Violations,12975394,,3A,,"SECTION 27-2005 ADM CODE REPAIR THE BROKEN OR DEFECTIVE PLASTERED SURFACES AND PAINT IN A UNIFORM COLOR AT CEILING, WEST WALL, NORTH WALL, EAST WALL IN THE BATHROOM LOCATED AT APT 3A, 3rd STORY, 3rd APARTMENT FROM NORTH AT EAST"
FIRST NO ACCESS TO RE- INSPECT VIOLATION,13814530,B,Violations,13814530,,3A,,"SECTION 27-2005 ADM CODE & 309 M/D LAW ABATE THE NUISANCE CONSISTING OF AIR CONDITIONING UNIT IN THE FIRST WINDOW FROM WEST AT NORTH, LEADING TO FIRE ESCAPE IN THE 3rd ROOM FROM EAST AT NORTH LOCATED AT APT 3A, 3rd STORY, 3rd APARTMENT FROM WEST AT NORTH"
FIRST NO ACCESS TO RE- INSPECT VIOLATION,13814537,C,Violations,13814537,,3A,,"HMC ADM CODE: ï¿½ 27-2017.4 ABATE THE INFESTATION CONSISTING OF ROACHES IN THE ENTIRE APARTMENT LOCATED AT APT 3A, 3rd STORY, 3rd APARTMENT FROM WEST AT NORTH"
FIRST NO ACCESS TO RE- INSPECT VIOLATION,13864085,C,Violations,13864085,,3F,,"HMC ADM CODE: ï¿½ 27-2017.4 ABATE THE INFESTATION CONSISTING OF MICE IN THE ENTIRE APARTMENT LOCATED AT APT 3F, 4th STORY, 4th APARTMENT FROM EAST AT SOUTH"
NOT COMPLIED WITH,14944147,A,Violations,14944147,,1B,,"SECTION 27-2013 ADM CODE PAINT WITH LIGHT COLORED PAINT TO THE SATISFACTION OF THIS DEPARTMENT THE CEILING AND ALL WALLS IN THE ENTIRE APARTMENT LOCATED AT APT 1B, 1st STORY, 4th APARTMENT FROM NORTH AT EAST"
FIRST NO ACCESS TO RE- INSPECT VIOLATION,14944171,B,Violations,14944171,,1D,,"SECTION 27-2026, 2027 HMC: PROPERLY REPAIR THE SOURCE AND ABATE THE EVIDENCE OF A WATER LEAK AT CEILING IN THE BATHROOM LOCATED AT APT 1D, 1st STORY, 1st APARTMENT FROM SOUTH AT WEST"
FIRST NO ACCESS TO RE- INSPECT VIOLATION,14944175,B,Violations,14944175,,1D,,"SECTION 27-2026, 2027 HMC: PROPERLY REPAIR THE SOURCE AND ABATE THE EVIDENCE OF A WATER LEAK AT CEILING IN THE 3rd ROOM FROM EAST LOCATED AT APT 1D, 1st STORY, 1st APARTMENT FROM SOUTH AT WEST"
NOT COMPLIED WITH,6697711,B,Violations,6697711,,3B,,"SECTION 27-2018 ADM CODE ABATE THE NUISANCE CONSISTING OF VERMIN ROACHES IN THE ENTIRE APARTMENT LOCATED AT APT 3B, 3rd STORY, 4th APARTMENT FROM NORTH AT EAST"
FIRST NO ACCESS TO RE- INSPECT VIOLATION,14515265,C,Violations,14515265,,3A,,"SECTION 27-2005 ADM CODE & 309 M/D LAW ABATE THE NUISANCE CONSISTING OF AIR CONDITIONNER AT WINDOW LEADING TO FIRE ESCAPE IN THE 1st ROOM FROM EAST AT NORTH LOCATED AT APT 3A, 3rd STORY, 4th APARTMENT FROM NORTH AT EAST"
NOT COMPLIED WITH,14781189,C,Violations,14781189,,3B,,"HMC ADM CODE: ï¿½ 27-2017.4 ABATE THE INFESTATION CONSISTING OF ROACHES IN THE ENTIRE APARTMENT LOCATED AT APT 3B, 3rd STORY, 4th APARTMENT FROM WEST AT NORTH"
NOT COMPLIED WITH,14602396,B,Violations,14602396,,1B,,"SECTION 27-2026, 2027 HMC: PROPERLY REPAIR THE SOURCE AND ABATE THE EVIDENCE OF A WATER LEAK AT CEILING ABOVE BATHTUB IN THE BATHROOM LOCATED AT APT 1B, 1st STORY, 2nd APARTMENT FROM WEST AT NORTH"
NOT COMPLIED WITH,14602403,C,Violations,14602403,,1H,,"HMC ADM CODE: ï¿½ 27-2017.4 ABATE THE INFESTATION CONSISTING OF ROACHES IN THE ENTIRE APARTMENT LOCATED AT APT 1H, 1st STORY, 3rd APARTMENT FROM EAST AT SOUTH"
DEFECT LETTER ISSUED,15095108,C,Violations,15095108,,4C,,"HMC ADM CODE: ï¿½ 27-2017.4 ABATE THE INFESTATION CONSISTING OF MICE IN THE ENTIRE APARTMENT LOCATED AT APT 4C, 4th STORY, 5th APARTMENT FROM NORTH AT EAST"
NOT COMPLIED WITH,15105473,B,Violations,15105473,,2D,,"SECTION 27-2026, 2027 HMC: PROPERLY REPAIR THE SOURCE AND ABATE THE EVIDENCE OF A WATER LEAK AT CEILING IN THE BATHROOM LOCATED AT APT 2D, 2nd STORY, 1st APARTMENT FROM SOUTH AT WEST"
NOV SENT OUT,15113674,B,Violations,15113674,,6L,,"SECTION 27-2005 ADM CODE REPAIR THE ROOF SO THAT IT WILL NOT LEAK OVER CEILING IN THE 2nd ROOM FROM NORTH LOCATED AT APT 6L, 6th STORY, 2nd APARTMENT FROM NORTH AT EAST"
NOV SENT OUT,15113675,B,Violations,15113675,,6L,,"SECTION 27-2005 ADM CODE REPAIR THE BROKEN OR DEFECTIVE PLASTERED SURFACES AND PAINT IN A UNIFORM COLOR THE CEILING IN THE 2nd ROOM FROM NORTH LOCATED AT APT 6L, 6th STORY, 2nd APARTMENT FROM NORTH AT EAST"
NOV SENT OUT,15113677,B,Violations,15113677,,6L,,"SECTION 27-2005 ADM CODE REPLACE WITH NEW THE BROKEN OR DEFECTIVE ROTTED WOOD VANITY CABINET IN THE BATHROOM LOCATED AT APT 6L, 6th STORY, 2nd APARTMENT FROM NORTH AT EAST"
NOV SENT OUT,15113731,B,Violations,15113731,,6D,,"SECTION 27-2005 ADM CODE PROPERLY SECURE THE LOOSE WOOD FLOOR IN THE PRIVATE HALLWAY LOCATED AT APT 6D, 6th STORY, 1st APARTMENT FROM SOUTH AT WEST"
NOV SENT OUT,15113732,B,Violations,15113732,,6D,,"SECTION 27-2037, 2038 HMC: PROVIDE A SAFE AND ADEQUATE SUPPLY OF ELECTRIC SERVICE TO THE FIXTURES AT CEILING IN THE PRIVATE HALLWAY LOCATED AT APT 6D, 6th STORY, 1st APARTMENT FROM SOUTH AT WEST"
NOV SENT OUT,15113740,B,Violations,15113740,,6A,,"SECTION 27-2005 ADM CODE PROPERLY SECURE THE LOOSE HANDLE AT WATER DIVERTER AT SHOWER BODY AT BATH TUB IN THE BATHROOM LOCATED AT APT 6A, 6th STORY, 3rd APARTMENT FROM NORTH AT EAST"
NOV SENT OUT,15113742,B,Violations,15113742,,6A,,"SECTION 27-2005 ADM CODE REPAIR THE ROOF SO THAT IT WILL NOT LEAK OVER CEILING IN THE 1st ROOM FROM NORTH LOCATED AT APT 6A, 6th STORY, 3rd APARTMENT FROM NORTH AT EAST"
NOV SENT OUT,15113743,B,Violations,15113743,,6A,,"SECTION 27-2005 ADM CODE REPAIR THE BROKEN OR DEFECTIVE PLASTERED SURFACES AND PAINT IN A UNIFORM COLOR THE CEILING AND EAST WALL IN THE 1st ROOM FROM NORTH LOCATED AT APT 6A, 6th STORY, 3rd APARTMENT FROM NORTH AT EAST"
NOV SENT OUT,15113744,B,Violations,15113744,,6A,,"SECTION 27-2005 ADM CODE REPAIR THE ROOF SO THAT IT WILL NOT LEAK OVER CEILING IN THE 2nd ROOM FROM NORTH LOCATED AT APT 6A, 6th STORY, 3rd APARTMENT FROM NORTH AT EAST"
NOV SENT OUT,15113745,B,Violations,15113745,,6A,,"SECTION 27-2005 ADM CODE REPAIR THE BROKEN OR DEFECTIVE PLASTERED SURFACES AND PAINT IN A UNIFORM COLOR THE CEILING AND EAST WALL IN THE 2nd ROOM FROM NORTH LOCATED AT APT 6A, 6th STORY, 3rd APARTMENT FROM NORTH AT EAST"
NOV SENT OUT,15113751,B,Violations,15113751,,6H,,"SECTION 27-2005 ADM CODE REPLACE WITH NEW THE BROKEN OR DEFECTIVE MARBLE SADDLE AT ENTRANCE IN THE KITCHEN LOCATED AT APT 6H, 6th STORY, 5th APARTMENT FROM SOUTH AT WEST"
NOV SENT OUT,15113753,B,Violations,15113753,,6H,,"SECTION 27-2005 ADM CODE PROPERLY SECURE THE LOOSE SLIDING CLOSET DOORS TO TRACK IN THE FOYER LOCATED AT APT 6H, 6th STORY, 5th APARTMENT FROM SOUTH AT WEST"
NOV SENT OUT,15113756,B,Violations,15113756,,6J,,"SECTION 27-2005 ADM CODE REPAIR THE ROOF SO THAT IT WILL NOT LEAK OVER THE CEILING IN THE 1st ROOM FROM EAST AT NORTH LOCATED AT APT 6J, 6th STORY, 1st APARTMENT FROM WEST AT NORTH"
NOV SENT OUT,15113760,B,Violations,15113760,,5A,,"SECTION 27-2026, 2027 HMC: PROPERLY REPAIR THE SOURCE AND ABATE THE EVIDENCE OF A WATER LEAK AT CEILING IN THE BATHROOM LOCATED AT APT 5A, 5th STORY, 3rd APARTMENT FROM NORTH AT EAST"
NOV SENT OUT,15113761,B,Violations,15113761,,5A,,"SECTION 27-2005 ADM CODE REPAIR THE BROKEN OR DEFECTIVE PLASTERED SURFACES AND PAINT IN A UNIFORM COLOR THE CEILING IN THE BATHROOM LOCATED AT APT 5A, 5th STORY, 3rd APARTMENT FROM NORTH AT EAST"
NOV SENT OUT,15113762,B,Violations,15113762,,5A,,"SECTION 27-2005 ADM CODE REPLACE WITH NEW THE BROKEN OR DEFECTIVE MARBLE SADDLE AT ENTRANCE IN THE BATHROOM LOCATED AT APT 5A, 5th STORY, 3rd APARTMENT FROM NORTH AT EAST"
NOV SENT OUT,15113764,B,Violations,15113764,,5A,,"SECTION 27-2005 ADM CODE REPAIR THE BROKEN OR DEFECTIVE PLASTERED SURFACES AND PAINT IN A UNIFORM COLOR THE CEILING IN THE 2nd ROOM FROM NORTH LOCATED AT APT 5A, 5th STORY, 3rd APARTMENT FROM NORTH AT EAST"
NOV SENT OUT,15113766,B,Violations,15113766,,5A,,"SECTION 27-2045 ADM CODE REPAIR OR REPLACE THE SMOKE DETECTOR DEFECTIVE IN THE ENTIRE APARTMENT LOCATED AT APT 5A, 5th STORY, 3rd APARTMENT FROM NORTH AT EAST"
NOV SENT OUT,15113767,B,Violations,15113767,,5A,,"SECTION 27-2046.1 HMC: REPAIR OR REPLACE THE CARBON MONOXIDE DETECTING DEVICE(S). DEFECTIVE IN THE ENTIRE APARTMENT LOCATED AT APT 5A, 5th STORY, 3rd APARTMENT FROM NORTH AT EAST"
NOV SENT OUT,15113769,B,Violations,15113769,,5B,,"SECTION 27-2045 ADM CODE REPAIR OR REPLACE THE SMOKE DETECTOR DEFECTIVE IN THE ENTIRE APARTMENT LOCATED AT APT 5B, 5th STORY, 4th APARTMENT FROM NORTH AT EAST"
NOV SENT OUT,15113770,B,Violations,15113770,,5B,,"SECTION 27-2046.1 HMC: REPAIR OR REPLACE THE CARBON MONOXIDE DETECTING DEVICE(S). DEFECTIVE IN THE ENTIRE APARTMENT LOCATED AT APT 5B, 5th STORY, 4th APARTMENT FROM NORTH AT EAST"
NOV SENT OUT,15113775,B,Violations,15113775,,3F,,"SECTION 27-2005 ADM CODE REPAIR THE BROKEN OR DEFECTIVE PLASTERED SURFACES AND PAINT IN A UNIFORM COLOR THE CEILING IN THE 2nd ROOM FROM NORTH LOCATED AT APT 3F, 3rd STORY, 3rd APARTMENT FROM SOUTH AT WEST"
NOV SENT OUT,15113776,B,Violations,15113776,,3F,,"SECTION 27-2026, 2027 HMC: PROPERLY REPAIR THE SOURCE AND ABATE THE EVIDENCE OF A WATER LEAK AT CEILING IN THE BATHROOM LOCATED AT APT 3F, 3rd STORY, 3rd APARTMENT FROM SOUTH AT WEST"
NOV SENT OUT,15113777,B,Violations,15113777,,3F,,"SECTION 27-2005 ADM CODE REPAIR THE BROKEN OR DEFECTIVE PLASTERED SURFACES AND PAINT IN A UNIFORM COLOR THE CEILING IN THE BATHROOM LOCATED AT APT 3F, 3rd STORY, 3rd APARTMENT FROM SOUTH AT WEST"
NOV SENT OUT,15113780,B,Violations,15113780,,3E,,"SECTION 27-2037, 2038 HMC: PROVIDE A SAFE AND ADEQUATE SUPPLY OF ELECTRIC SERVICE TO THE FIXTURES THE ELECTRIC OUTLET BELOW LIGHT FIXTURE AT SOUTH WALL IN THE BATHROOM LOCATED AT APT 3E, 3rd STORY, 2nd APARTMENT FROM SOUTH AT WEST"
NOV SENT OUT,15113785,B,Violations,15113785,,,,"SECTION 27-2026, 2027 HMC: PROPERLY REPAIR THE SOURCE AND ABATE THE EVIDENCE OF A WATER LEAK AT EAST WALL AT PUBLIC HALL, 1st STORY, SECTION ''SOUTH''"
NOV SENT OUT,15113786,B,Violations,15113786,,,,"SECTION 27-2005 ADM CODE PROPERLY REPAIR WITH SIMILAR MATERIAL THE BROKEN OR DEFECTIVE FIRE RETARDANT MATERIAL AT EAST WALL AT PUBLIC HALL, 1st STORY, SECTION ''SOUTH''"
NOV SENT OUT,15114322,B,Violations,15114322,,4L,,"SECTION 27-2005 ADM CODE PROPERLY REPAIR WITH SIMILAR MATERIAL THE BROKEN OR DEFECTIVE CERAMIC TILES AT FLOOR IN THE BATHROOM LOCATED AT APT 4L, 4th STORY, 2nd APARTMENT FROM NORTH AT EAST"
NOV SENT OUT,15114331,B,Violations,15114331,,4L,,"SECTION 27-2026 ADM CODE REPAIR THE FLUSHING APPARATUS AND MAINTAIN SAME SO AS TO FLUSH EFFECTIVELY THE WATER CLOSET ; THE CHAIN TO PLUNGER IN THE BATHROOM LOCATED AT APT 4L, 4th STORY, 2nd APARTMENT FROM NORTH AT EAST"
NOV SENT OUT,15114335,B,Violations,15114335,,4L,,"SECTION 27-2005 ADM CODE PROPERLY SECURE THE LOOSE SLIDING CLOSET DOORS TO TOP TRACK IN THE PRIVATE HALLWAY LOCATED AT APT 4L, 4th STORY, 2nd APARTMENT FROM NORTH AT EAST"
NOV SENT OUT,15114474,B,Violations,15114474,,,,SECTION 27-2005 ADM CODE PROPERLY SECURE THE LOOSE METAL HANDRAIL AT STAIRWAY TO BOILER ROOM AT NORTH YARD
NOV SENT OUT,15114475,B,Violations,15114475,,,,"SECTION 27-2040 ADM CODE INSTALL AND MAINTAIN SUFFICIENT LIGHT OR LIGHTS OF AT LEAST 100 WATTS INCANDESCENT OR EQUIVALENT EACH, TO LIGHT ADEQUATELY FROM SUNSET TO SUNRISE THE NORTH YARD"
NOV SENT OUT,15114476,B,Violations,15114476,,,,"SECTION 27-2040 ADM CODE INSTALL AND MAINTAIN SUFFICIENT LIGHT OR LIGHTS OF AT LEAST 100 WATTS INCANDESCENT OR EQUIVALENT EACH, TO LIGHT ADEQUATELY FROM SUNSET TO SUNRISE THE EAST YARD"
NOV SENT OUT,15114477,B,Violations,15114477,,,,SECTION 27-2005 ADM CODE PROPERLY REPAIR WITH SIMILAR MATERIAL THE BROKEN OR DEFECTIVE FIRE RETARDANT MATERIAL AT CEILING AT PUBLIC HALL
NOV SENT OUT,15114483,B,Violations,15114483,,,,SECTION 27-2005 ADM CODE PROPERLY REPAIR WITH SIMILAR MATERIAL THE BROKEN OR DEFECTIVE FLASHING AT NORTH EXTERIOR WALL AT SOUTH BULKHEAD AT ROOF
NOTICE OF ISSUANCE SENT TO TENANT,15115169,B,Violations,15115169,,2B,,"SECTION 27-2017.3 HMC: TRACE AND REPAIR THE SOURCE AND ABATE THE VISIBLE MOLD CONDITION... CEILING 4 SQUARE FEET IN THE 1st ROOM FROM NORTH LOCATED AT APT 2B, 2nd STORY, 4th APARTMENT FROM WEST AT NORTH ORIGINAL VIOLATION 14724028 ISSUED 15-DEC-21 HAS BEEN UPGRADED TO CLASS B PER ADMINISTRATIVE CODE ï¿½27-2017.3a(3)(a) or (b)."
NOTICE OF ISSUANCE SENT TO TENANT,15115170,B,Violations,15115170,,2B,,"SECTION 27-2017.3 HMC: TRACE AND REPAIR THE SOURCE AND ABATE THE VISIBLE MOLD CONDITION... CEILING 4 SQUARE FEET IN THE BATHROOM LOCATED AT APT 2B, 2nd STORY, 4th APARTMENT FROM WEST AT NORTH ORIGINAL VIOLATION 14724035 ISSUED 15-DEC-21 HAS BEEN UPGRADED TO CLASS B PER ADMINISTRATIVE CODE ï¿½27-2017.3a(3)(a) or (b)."
NOV SENT OUT,15114342,B,Violations,15114342,,4G,,"SECTION 27-2005 ADM CODE PROPERLY REPAIR WITH SIMILAR MATERIAL THE BROKEN OR DEFECTIVE CERAMIC TILES AT EAST WALL IN THE BATHROOM LOCATED AT APT 4G, 4th STORY, 4th APARTMENT FROM SOUTH AT WEST"
NOV SENT OUT,15114375,B,Violations,15114375,,2E,,"SECTION 27-2005 ADM CODE REPLACE WITH NEW THE BROKEN OR DEFECTIVE WOOD DOOR AT ENTRANCE IN THE BATHROOM LOCATED AT APT 2E, 2nd STORY, 2nd APARTMENT FROM SOUTH AT WEST"
NOV SENT OUT,15114380,B,Violations,15114380,,2D,,"SECTION 27-2045 ADM CODE REPAIR OR REPLACE THE SMOKE DETECTOR MISSING IN THE ENTIRE APARTMENT LOCATED AT APT 2D, 2nd STORY, 1st APARTMENT FROM SOUTH AT WEST"
NOV SENT OUT,15114384,B,Violations,15114384,,2D,,"SECTION 27-2046.1 HMC: REPAIR OR REPLACE THE CARBON MONOXIDE DETECTING DEVICE(S). MISSING IN THE ENTIRE APARTMENT LOCATED AT APT 2D, 2nd STORY, 1st APARTMENT FROM SOUTH AT WEST"
NOV SENT OUT,15114396,B,Violations,15114396,,2D,,"SECTION 27-2005 ADM CODE REPLACE WITH NEW THE BROKEN OR DEFECTIVE ROTTED WOOD VANITY BASE CABINET IN THE BATHROOM LOCATED AT APT 2D, 2nd STORY, 1st APARTMENT FROM SOUTH AT WEST"
NOV SENT OUT,15114421,B,Violations,15114421,,2D,,"SECTION 27-2026 ADM CODE REPAIR THE BROKEN OR DEFECTIVE CONNECTION AT WASTE LINE UNDER WASH BASIN IN THE BATHROOM LOCATED AT APT 2D, 2nd STORY, 1st APARTMENT FROM SOUTH AT WEST"
NOV SENT OUT,15114460,B,Violations,15114460,,1H,,"SECTION 27-2026, 2027 HMC: PROPERLY REPAIR THE SOURCE AND ABATE THE EVIDENCE OF A WATER LEAK AT SOUTH WALL IN THE 3rd ROOM FROM NORTH AT WEST LOCATED AT APT 1H, 1st STORY, 5th APARTMENT FROM SOUTH AT WEST"
NOV SENT OUT,15114462,B,Violations,15114462,,1H,,"SECTION 27-2005 ADM CODE REPAIR THE BROKEN OR DEFECTIVE PLASTERED SURFACES AND PAINT IN A UNIFORM COLOR THE SOUTH WALL IN THE 3rd ROOM FROM NORTH AT WEST LOCATED AT APT 1H, 1st STORY, 5th APARTMENT FROM SOUTH AT WEST"
NOV SENT OUT,15114463,B,Violations,15114463,,1H,,"SECTION 27-2005 ADM CODE PROPERLY REPAIR WITH SIMILAR MATERIAL THE BROKEN OR DEFECTIVE THE WOOD FLOOR IN THE 3rd ROOM FROM NORTH AT WEST LOCATED AT APT 1H, 1st STORY, 5th APARTMENT FROM SOUTH AT WEST"
NOV SENT OUT,15114468,B,Violations,15114468,,1H,,"SECTION 27-2024 ADM CODE PROVIDE ADEQUATE SUPPLY OF HOT WATER FOR THE FIXTURES AT BATH TUB IN THE 1st BATHROOM FROM NORTH LOCATED AT APT 1H, 1st STORY, 5th APARTMENT FROM SOUTH AT WEST"
NOV SENT OUT,15114469,B,Violations,15114469,,1H,,"SECTION 27-2024 ADM CODE PROVIDE ADEQUATE SUPPLY OF COLD WATER FOR THE FIXTURES AT BATH TUB IN THE 1st BATHROOM FROM NORTH LOCATED AT APT 1H, 1st STORY, 5th APARTMENT FROM SOUTH AT WEST"
NOV SENT OUT,15601384,B,Violations,15601384,,5C,,"SECTION 27-2045 ADM CODE REPAIR OR REPLACE THE SMOKE DETECTOR MISSING IN THE ENTIRE APARTMENT LOCATED AT APT 5C, 5th STORY, 3rd APARTMENT FROM NORTH AT EAST , SECTION ''SOUTH''"
NOT COMPLIED WITH,11956428,B,Violations,11956428,,4C,,"SECTION 27-2005 ADM CODE REPAIR THE BROKEN OR DEFECTIVE PLASTERED SURFACES AND PAINT IN A UNIFORM COLOR THE CEILING IN THE KITCHEN LOCATED AT APT 4C, 4th STORY, 5th APARTMENT FROM NORTH AT EAST"
FALSE CERTIFICATION,12984750,C,Violations,12984750,,3J,,"HMC ADM CODE: ï¿½ 27-2017.4 ABATE THE INFESTATION CONSISTING OF ROACHES LOCATED AT APT 3J, 3rd STORY, 1st APARTMENT FROM WEST AT NORTH"
DEFECT LETTER ISSUED,13802075,C,Violations,13802075,,4F,,"HMC ADM CODE: ï¿½ 27-2017.4 ABATE THE INFESTATION CONSISTING OF ROACHES IN THE ENTIRE APARTMENT LOCATED AT APT 4F, 4th STORY, 3rd APARTMENT FROM EAST AT SOUTH"
NOT COMPLIED WITH,13826836,B,Violations,13826836,,1F,,"SECTION 27-2005 ADM CODE PROPERLY REPAIR WITH SIMILAR MATERIAL THE BROKEN OR DEFECTIVE PORCELIAN ENAMEL GLA ZE AT BATHTUB IN THE BATHROOM LOCATED AT APT 1F, 1st STORY, 3rd APARTMENT FROM SOUTH AT WEST"
FIRST NO ACCESS TO RE- INSPECT VIOLATION,13829671,B,Violations,13829671,,1D,,"SECTION 27-2026, 2027 HMC: PROPERLY REPAIR THE SOURCE AND ABATE THE EVIDENCE OF A WATER LEAK AT THE CEILING AND THE WEST WALL IN THE BATHROOM LOCATED AT APT 1D, 1st STORY, 1st APARTMENT FROM SOUTH AT WEST"
FIRST NO ACCESS TO RE- INSPECT VIOLATION,13829958,A,Violations,13829958,,1D,,"SECTION 27-2013 ADM CODE PAINT WITH LIGHT COLORED PAINT TO THE SATISFACTION OF THIS DEPARTMENT ALL PEELING PAINT SURFACES IN THE BATHROOM , THE PRIVATE HALLWAY , THE FOYER , THE 3rd ROOM FROM NORTH AT WEST, THE 1st ROOM FROM NORTH AT WEST LOCATED AT APT 1D, 1st STORY, 1st APARTMENT FROM WEST AT NORTH"
NOT COMPLIED WITH,13854429,B,Violations,13854429,,,,"SECTION 27-2005 ADM CODE & 309 M/D LAW ABATE THE NUISANCE CONSISTING OF HOPPER DOOR SEALED SHUT AT PUBLIC HALL, 5th STORY"
FIRST NO ACCESS TO RE- INSPECT VIOLATION,14095753,A,Violations,14095753,,2E,,"SECTION 27-2013 ADM CODE PAINT WITH LIGHT COLORED PAINT TO THE SATISFACTION OF THIS DEPARTMENT WALLS AND CEILING IN THE BATHROOM LOCATED AT APT 2E, 2nd STORY"
VIOLATION WILL BE REINSPECTED,14361219,B,Violations,14361219,,5B,,"SECTION 27-2046.1 HMC: REPAIR OR REPLACE THE CARBON MONOXIDE DETECTING DEVICE(S). DEFECTIVE IN THE ENTIRE APARTMENT LOCATED AT APT 5B, 5th STORY, 2nd APARTMENT FROM NORTH AT EAST , SECTION ''SOUTH ''"
FIRST NO ACCESS TO RE- INSPECT VIOLATION,14661324,B,Violations,14661324,,1H,,"SECTION 27-2005 ADM CODE PROPERLY REPAIR WITH SIMILAR MATERIAL THE BROKEN OR DEFECTIVE BASE CABINETS ON NORTH WALL IN THE KITCHEN LOCATED AT APT 1H, 1st STORY, 3rd APARTMENT FROM SOUTH AT WEST"
NOT COMPLIED WITH,14711870,B,Violations,14711870,,,,"SECTION 27-2005, 2007 ADM CODE AND DEPT. RULES AND REGULATIONS. REMOVE THE ENCUMBRANCE OBSTRUCTING EGRESS FROM FIRE ESCAPES AIRCONDITIONER PROTRUDING BEYOND WINDOW SILL AT 3 STORY PUBLIC AT SOUTH STACK AT BUILDING FRONT"
DEFECT LETTER ISSUED,14942435,C,Violations,14942435,,3C,,"HMC ADM CODE: ï¿½ 27-2017.4 ABATE THE INFESTATION CONSISTING OF ROACHES IN THE ENTIRE APARTMENT LOCATED AT APT 3C, 3rd STORY, 1st APARTMENT FROM EAST AT SOUTH"
NOT COMPLIED WITH,14942436,A,Violations,14942436,,3C,,"SECTION 27-2013 ADM CODE PAINT WITH LIGHT COLORED PAINT TO THE SATISFACTION OF THIS DEPARTMENT CEILING AND ALL WALLS IN THE ENTIRE APARTMENT LOCATED AT APT 3C, 3rd STORY, 1st APARTMENT FROM EAST AT SOUTH"
NOV SENT OUT,15134289,B,Violations,15134289,,3L,,"SECTION 27-2026, 2027 HMC: PROPERLY REPAIR THE SOURCE AND ABATE THE EVIDENCE OF A WATER LEAK CEILING AND EAST WALL IN THE BATHROOM LOCATED AT APT 3L, 3rd STORY, 2nd APARTMENT FROM SOUTH AT WEST"
NOV SENT OUT,15134291,B,Violations,15134291,,3L,,"SECTION 27-2005 ADM CODE REPLACE WITH NEW THE BROKEN OR DEFECTIVE ELECTRICAL CEILING LIGHT SWICTH IN THE KITCHEN LOCATED AT APT 3L, 3rd STORY, 2nd APARTMENT FROM SOUTH AT WEST"
NOV SENT OUT,15134292,B,Violations,15134292,,3L,,"SECTION 27-2005 ADM CODE PROPERLY REPAIR THE BROKEN OR DEFECTIVE SPRING BALANCE AT LOWER WINDOW SASH ,3RD WINDOW FROM SOUTH AT WEST IN THE 2nd ROOM FROM NORTH AT WEST LOCATED AT APT 3L, 3rd STORY, 2nd APARTMENT FROM SOUTH AT WEST"
NOV SENT OUT,15134293,B,Violations,15134293,,,,"SECTION 27-2010, 2011, 2012 ADM CODE REMOVE THE ACCUMULATION OF REFUSE AND/OR RUBBISH AND MAINTAIN IN A CLEAN CONDITION THE CELLAR ENTRANCE STORY"
NOV SENT OUT,15134294,B,Violations,15134294,,,,SECTION 27-2005 ADM CODE & 309 M/D LAW ABATE THE NUISANCE CONSISTING OF GARBAGE CANS BEING STORED AT CELLAR ENTRANCE STORY
NOV SENT OUT,15134296,B,Violations,15134296,,,,"SECTION 27-2026, 2027 HMC: PROPERLY REPAIR THE SOURCE AND ABATE THE EVIDENCE OF A WATER LEAK CEILING AT ENTRANCE STORY TO BUILDING"
NOV SENT OUT,15134297,B,Violations,15134297,,,,"SECTION 27-2005 ADM CODE PROPERLY REPAIR WITH SIMILAR MATERIAL THE BROKEN OR DEFECTIVE FIRE RETARDANT PLASTER MATERIAL AT CEILING ,ENTRANCE STORY TO BUILDING"
NOV SENT OUT,15134298,B,Violations,15134298,,,,"SECTION 27-2005 ADM CODE REPLACE WITH NEW THE MISSING MORTISE LOCK AT VESTIBULE DOOR ,ENTRANCE STORY TO BUILDING"
NOV SENT OUT,15134299,B,Violations,15134299,,5G,,"SECTION 27-2026 ADM CODE REPAIR THE LEAKY AND/OR DEFECTIVE FAUCETS AT BATHTUB IN THE BATHROOM LOCATED AT APT 5G, 5th STORY, 5th APARTMENT FROM NORTH AT EAST"
NOV SENT OUT,15134300,B,Violations,15134300,,5G,,"SECTION 27-2026 ADM CODE REPAIR THE LEAKY AND/OR DEFECTIVE FAUCETS CEILING AND WEST WALL IN THE 2nd ROOM FROM NORTH AT EAST LOCATED AT APT 5G, 5th STORY, 5th APARTMENT FROM NORTH AT EAST"
NOV SENT OUT,15134302,B,Violations,15134302,,5G,,"SECTION 27-2045 ADM CODE REPAIR OR REPLACE THE SMOKE DETECTOR NOT INSTALLED ON WALL/ CEILING IN THE ENTIRE APARTMENT LOCATED AT APT 5G, 5th STORY, 5th APARTMENT FROM NORTH AT EAST"
NOV SENT OUT,15134303,B,Violations,15134303,,5G,,"SECTION 27-2046.1 HMC: REPAIR OR REPLACE THE CARBON MONOXIDE DETECTING DEVICE(S). NOT INSTALLED ON WALL/CEILING IN THE ENTIRE APARTMENT LOCATED AT APT 5G, 5th STORY, 5th APARTMENT FROM NORTH AT EAST"
NOTICE OF ISSUANCE SENT TO TENANT,15134304,C,Violations,15134304,,5G,,"HMC ADM CODE: ï¿½ 27-2017.4 ABATE THE INFESTATION CONSISTING OF MICE IN THE ENTIRE APARTMENT LOCATED AT APT 5G, 5th STORY, 5th APARTMENT FROM NORTH AT EAST"
NOV SENT OUT,15134305,B,Violations,15134305,,,,SECTION 27-2005 ADM CODE & 309 M/D LAW ABATE THE NUISANCE CONSISTING OF HOPPER DOORS LOCKED ALL STORYS AT PUBLIC HALL
NOV SENT OUT,15134307,B,Violations,15134307,,,,"SECTION 27-2005 ADM CODE PROPERLY REPAIR THE BROKEN OR DEFECTIVE CEILING LIGHT FIXTURE AT PUBLIC HALL, 2nd STORY"
NOV SENT OUT,15134308,B,Violations,15134308,,,,"SECTION 27-2039 ADM CODE PROVIDE ADEQUATE LIGHT OF NOT LESS THAN 60 WATTS INCANDESCENT OR EQUIVALENT ILLUMINATION CEILING LIGHT FIXTURE AT FIRE STAIRS, 2nd STORY"
DEFECT LETTER ISSUED,14515441,C,Violations,14515441,,6J,,"HMC ADM CODE: ï¿½ 27-2017.4 ABATE THE INFESTATION CONSISTING OF MICE IN THE ENTIRE APARTMENT LOCATED AT APT 6J, 6th STORY, 1st APARTMENT FROM WEST AT NORTH"
DEFECT LETTER ISSUED,14515476,C,Violations,14515476,,3L,,"HMC ADM CODE: ï¿½ 27-2017.4 ABATE THE INFESTATION CONSISTING OF MICE IN THE ENTIRE APARTMENT LOCATED AT APT 3L, 3rd STORY, 2nd APARTMENT FROM NORTH AT EAST"
VIOLATION WILL BE REINSPECTED,14942761,B,Violations,14942761,,3C,,"SECTION 27-2017.3 HMC: TRACE AND REPAIR THE SOURCE AND ABATE THE VISIBLE MOLD CONDITION... APPROX 3 SQ. FT. AT BASE OF SINK BASE CABINET IN THE KITCHEN LOCATED AT APT 3C, 3rd STORY, 3rd APARTMENT FROM NORTH AT EAST , SECTION ''SOUTH'' ORIGINAL VIOLATION 14641972 ISSUED 27-OCT-21 HAS BEEN UPGRADED TO CLASS B PER ADMINISTRATIVE CODE ï¿½27-2017.3a(3)(a) or (b)."
DEFECT LETTER ISSUED,15064638,C,Violations,15064638,,3E,,"HMC ADM CODE: ï¿½ 27-2017.4 ABATE THE INFESTATION CONSISTING OF MICE IN THE ENTIRE APARTMENT LOCATED AT APT 3E, 3rd STORY, 2nd APARTMENT FROM SOUTH AT WEST"
NOV SENT OUT,15151097,B,Violations,15151097,,1H,,"SECTION 27-2024 ADM CODE PROVIDE ADEQUATE SUPPLY OF HOT WATER FOR THE FIXTURES AT BATHTUB IN THE 1st BATHROOM FROM NORTH LOCATED AT APT 1H, 1st STORY, 5th APARTMENT FROM SOUTH AT WEST"
NOV SENT OUT,15151103,B,Violations,15151103,,1H,,"SECTION 27-2024 ADM CODE PROVIDE ADEQUATE SUPPLY OF COLD WATER FOR THE FIXTURES AT BATHTUB IN THE 1st BATHROOM FROM NORTH LOCATED AT APT 1H, 1st STORY, 5th APARTMENT FROM SOUTH AT WEST"
NOV SENT OUT,15151107,B,Violations,15151107,,1H,,"SECTION 27-2005 ADM CODE PROPERLY REPAIR WITH SIMILAR MATERIAL THE BROKEN OR DEFECTIVE WOOD FLOOR IN THE 3rd ROOM FROM NORTH LOCATED AT APT 1H, 1st STORY, 5th APARTMENT FROM SOUTH AT WEST"
NOV SENT OUT,15151109,B,Violations,15151109,,1H,,"SECTION 27-2005 ADM CODE REPAIR THE BROKEN OR DEFECTIVE PLASTERED SURFACES AND PAINT IN A UNIFORM COLOR SOUTH WALL IN THE 3rd ROOM FROM NORTH LOCATED AT APT 1H, 1st STORY, 5th APARTMENT FROM SOUTH AT WEST"
NOV SENT OUT,15151135,B,Violations,15151135,,6B,,"SECTION 27-2026 ADM CODE REPAIR THE FLUSHING APPARATUS AND MAINTAIN SAME SO AS TO FLUSH EFFECTIVELY THE WATER CLOSET .. IN THE BATHROOM LOCATED AT APT 6B, 6th STORY, 4th APARTMENT FROM NORTH AT EAST"
NOV SENT OUT,15151155,B,Violations,15151155,,4G,,"SECTION 27-2005 ADM CODE REPLACE WITH NEW THE MISSING CERAMIC-TILES ON EAST WALL AT BATHTUB IN THE BATHROOM LOCATED AT APT 4G, 4th STORY, 4th APARTMENT FROM SOUTH AT WEST"
NOV SENT OUT,15151159,B,Violations,15151159,,3F,,"SECTION 27-2005 ADM CODE REPAIR THE BROKEN OR DEFECTIVE PLASTERED SURFACES AND PAINT IN A UNIFORM COLOR CEILING IN THE 2nd ROOM FROM NORTH LOCATED AT APT 3F, 3rd STORY, 3rd APARTMENT FROM SOUTH AT WEST"
NOV SENT OUT,15151166,B,Violations,15151166,,3H,,"SECTION 27-2005 ADM CODE PROPERLY REPAIR THE BROKEN OR DEFECTIVE WASH/BASIN CABINET IN THE 2nd BATHROOM FROM NORTH AT EAST LOCATED AT APT 3H, 3rd STORY, 5th APARTMENT FROM SOUTH AT WEST"
NOV SENT OUT,15151172,B,Violations,15151172,,3H,,"SECTION 27-2005 ADM CODE REPAIR THE BROKEN OR DEFECTIVE PLASTERED SURFACES AND PAINT IN A UNIFORM COLOR CEILING IN THE 3rd ROOM FROM NORTH LOCATED AT APT 3H, 3rd STORY, 5th APARTMENT FROM SOUTH AT WEST"
NOV SENT OUT,15151186,B,Violations,15151186,,3J,,"SECTION 27-2005 ADM CODE REPAIR THE BROKEN OR DEFECTIVE PLASTERED SURFACES AND PAINT IN A UNIFORM COLOR CEILING AND NORTH WALL IN THE BATHROOM LOCATED AT APT 3J, 3rd STORY, APARTMENT AT NORTH"
NOV SENT OUT,15151190,B,Violations,15151190,,,,"SECTION 27-2005 ADM CODE PROPERLY REPAIR WITH SIMILAR MATERIAL THE BROKEN OR DEFECTIVE FIRE RETARDANT PLASTER ON EAST WALL AT PUBLIC HALL, 1st STORY"
NOT COMPLIED WITH,14515431,C,Violations,14515431,,6D,,"SECTION 27-2043.1 HMC INSTALL THE MISSING OR REPAIR/REPLACE THE DEFECTIVE WINDOW GUARD(S) IN ACCORDANCE WITH THE SPECIFICATIONS OF THE NEW YORK CITY HEALTH CODE SECTION 24 RCNY CHAPTER 12. WG TO INSTALL = 1; WG TO REPLACE = 0; WG TO REPAIR = 0; IN THE ENTIRE APARTMENT LOCATED AT APT 6D, 6th STORY, 1st APARTMENT FROM SOUTH AT WEST"
NOTICE OF ISSUANCE SENT TO TENANT,15162751,C,Violations,15162751,,2D,,"HMC ADM CODE: ï¿½ 27-2017.4 ABATE THE INFESTATION CONSISTING OF ROACHES IN THE ENTIRE APARTMENT LOCATED AT APT 2D, 2nd STORY, 1st APARTMENT FROM SOUTH AT WEST , SECTION ''SOUTH ''"
NOTICE OF ISSUANCE SENT TO TENANT,15162750,C,Violations,15162750,,2D,,"HMC ADM CODE: ï¿½ 27-2017.4 ABATE THE INFESTATION CONSISTING OF MICE IN THE ENTIRE APARTMENT LOCATED AT APT 2D, 2nd STORY, 1st APARTMENT FROM SOUTH AT WEST , SECTION ''SOUTH ''"
NOV SENT OUT,15162753,B,Violations,15162753,,2D,,"SECTION 27-2045 ADM CODE REPAIR OR REPLACE THE SMOKE DETECTOR MISSING IN THE ENTIRE APARTMENT LOCATED AT APT 2D, 2nd STORY, 1st APARTMENT FROM SOUTH AT WEST , SECTION ''SOUTH ''"
NOV SENT OUT,15162754,B,Violations,15162754,,2D,,"SECTION 27-2046.1 HMC: REPAIR OR REPLACE THE CARBON MONOXIDE DETECTING DEVICE(S). MISSING IN THE ENTIRE APARTMENT LOCATED AT APT 2D, 2nd STORY, 1st APARTMENT FROM SOUTH AT WEST , SECTION ''SOUTH ''"
NOV SENT OUT,15162762,B,Violations,15162762,,2D,,"SECTION 27-2005 ADM CODE REPLACE WITH NEW THE BROKEN OR DEFECTIVE WOOD DOOR IN THE 3rd ROOM FROM NORTH AT WEST LOCATED AT APT 2D, 2nd STORY, 1st APARTMENT FROM SOUTH AT WEST , SECTION ''SOUTH ''"
NOV SENT OUT,15162764,B,Violations,15162764,,2D,,"SECTION 27-2005 ADM CODE REPLACE WITH NEW THE BROKEN OR DEFECTIVE WOOD DOOR IN THE 3rd ROOM FROM NORTH AT EAST LOCATED AT APT 2D, 2nd STORY, 1st APARTMENT FROM SOUTH AT WEST , SECTION ''SOUTH ''"
NOTICE OF ISSUANCE SENT TO TENANT,15162774,C,Violations,15162774,,2C,,"HMC ADM CODE: ï¿½ 27-2017.4 ABATE THE INFESTATION CONSISTING OF ROACHES IN THE ENTIRE APARTMENT LOCATED AT APT 2C, 2nd STORY, 3rd APARTMENT FROM NORTH AT EAST , SECTION ''SOUTH''"
NOV SENT OUT,15162775,B,Violations,15162775,,2C,,"SECTION 27-2005 ADM CODE REPAIR THE BROKEN OR DEFECTIVE PLASTERED SURFACES AND PAINT IN A UNIFORM COLOR ALL WALLS AND CEILING IN THE KITCHEN LOCATED AT APT 2C, 2nd STORY, 3rd APARTMENT FROM NORTH AT EAST , SECTION ''SOUTH''"
NOV SENT OUT,15162795,B,Violations,15162795,,4C,,"SECTION 27-2045 ADM CODE REPAIR OR REPLACE THE SMOKE DETECTOR DEFECTIVE IN THE ENTIRE APARTMENT LOCATED AT APT 4C, 4th STORY, 3rd APARTMENT FROM NORTH AT EAST , SECTION ''SOUTH''"
NOV SENT OUT,15162796,B,Violations,15162796,,4C,,"SECTION 27-2046.1 HMC: REPAIR OR REPLACE THE CARBON MONOXIDE DETECTING DEVICE(S). DEFECTIVE IN THE ENTIRE APARTMENT LOCATED AT APT 4C, 4th STORY, 3rd APARTMENT FROM NORTH AT EAST , SECTION ''SOUTH''"
NOTICE OF ISSUANCE SENT TO TENANT,15162799,C,Violations,15162799,,5E,,"HMC ADM CODE: ï¿½ 27-2017.4 ABATE THE INFESTATION CONSISTING OF ROACHES IN THE ENTIRE APARTMENT LOCATED AT APT 5E, 5th STORY, 2nd APARTMENT FROM SOUTH AT WEST , SECTION ''SOUTH''"
NOV SENT OUT,15162802,B,Violations,15162802,,5E,,"SECTION 27-2005 ADM CODE PROPERLY REPAIR WITH SIMILAR MATERIAL THE BROKEN OR DEFECTIVE CERAMIC FLOOR TILES IN THE KITCHEN LOCATED AT APT 5E, 5th STORY, 2nd APARTMENT FROM SOUTH AT WEST , SECTION ''SOUTH''"
NOV SENT OUT,15162803,B,Violations,15162803,,5E,,"SECTION 27-2026 ADM CODE REPAIR THE LEAKY AND/OR DEFECTIVE FAUCETS AT WASHBASIN IN THE BATHROOM LOCATED AT APT 5E, 5th STORY, 2nd APARTMENT FROM SOUTH AT WEST , SECTION ''SOUTH''"
NOTICE OF ISSUANCE SENT TO TENANT,15162804,B,Violations,15162804,,5E,,"SECTION 27-2017.3 HMC: TRACE AND REPAIR THE SOURCE AND ABATE THE VISIBLE MOLD CONDITION... APPROX 4 SQUARE FEET CEILING,APPROX 4 SQUARE FEET EAST WALL,APPROX 4 SQUARE FEET SOUTH WALL IN THE BATHROOM LOCATED AT APT 5E, 5th STORY, 2nd APARTMENT FROM SOUTH AT WEST , SECTION ''SOUTH''"
NOT COMPLIED WITH,11956481,B,Violations,11956481,,4C,,"SECTION 27-2005, 2007 ADM CODE REMOVE THE ILLEGAL FASTENING A KEY OPERATED DOOR KNOB LOCK OBSTRUCTING EGRESS TO THE FIRE ESCAPE IN THE 1st ROOM FROM EAST AT NORTH LOCATED AT APT 4C, 4th STORY, 5th APARTMENT FROM NORTH AT EAST"
FIRST NO ACCESS TO RE- INSPECT VIOLATION,14724032,B,Violations,14724032,,2B,,"SECTION 27-2005 ADM CODE REPLACE WITH NEW THE MISSING COVER PLATE FOR ELECTRICAL SWITCH SOUTH WALL IN THE 1st ROOM FROM NORTH LOCATED AT APT 2B, 2nd STORY, 4th APARTMENT FROM WEST AT NORTH"
FIRST NO ACCESS TO RE- INSPECT VIOLATION,14724034,B,Violations,14724034,,2B,,"SECTION 27-2026, 2027 HMC: PROPERLY REPAIR THE SOURCE AND ABATE THE EVIDENCE OF A WATER LEAK AT CEILING IN THE BATHROOM LOCATED AT APT 2B, 2nd STORY, 4th APARTMENT FROM WEST AT NORTH"
NOTICE OF ISSUANCE SENT TO TENANT,15165150,C,Violations,15165150,,4F,,"HMC ADM CODE: ï¿½ 27-2017.4 ABATE THE INFESTATION CONSISTING OF ROACHES IN THE ENTIRE APARTMENT LOCATED AT APT 4F, 4th STORY, 3rd APARTMENT FROM SOUTH AT WEST"
NOV SENT OUT,15165152,B,Violations,15165152,,4F,,"SECTION 27-2005 ADM CODE PROPERLY REPAIR THE BROKEN OR DEFECTIVE DOOR FRAME IN THE 3rd ROOM FROM NORTH LOCATED AT APT 4F, 4th STORY, 3rd APARTMENT FROM SOUTH AT WEST"
NOV SENT OUT,15182801,B,Violations,15182801,,4G,,"SECTION 27-2037, 2038 HMC: PROVIDE A SAFE AND ADEQUATE SUPPLY OF ELECTRIC SERVICE TO THE FIXTURES AT LIGHT FIXTURE AT CEILING IN THE PRIVATE HALLWAY LOCATED AT APT 4G, 4th STORY, 4th APARTMENT FROM SOUTH AT WEST"
NOT COMPLIED WITH,10647142,A,Violations,10647142,,4D,,"SECTION 27-2013 ADM CODE PAINT WITH LIGHT COLORED PAINT TO THE SATISFACTION OF THIS DEPARTMENT ALL PEELING PAINT SURFACES IN THE BATHROOM LOCATED AT APT 4D, 4th STORY, 1st APARTMENT FROM SOUTH AT WEST"
FIRST NO ACCESS TO RE- INSPECT VIOLATION,12028890,B,Violations,12028890,,3A,,"SECTION 27-2026, 2027 HMC: PROPERLY REPAIR THE SOURCE AND ABATE THE EVIDENCE OF A WATER LEAK AT CEILNG IN THE BATHROOM LOCATED AT APT 3A, 3rd STORY, 3rd APARTMENT FROM NORTH AT EAST"
FIRST NO ACCESS TO RE- INSPECT VIOLATION,12450159,B,Violations,12450159,,3F,,"SECTION 27-2018 ADMIN. CODE: ABATE THE NUISANCE CONSISTING OF MICE IN THE ENTIRE APARTMENT LOCATED AT APT 3F, 3rd STORY, 4th APARTMENT FROM SOUTH AT WEST"
FIRST NO ACCESS TO RE- INSPECT VIOLATION,12547556,C,Violations,12547556,,3F,,"SECTION 27-2005 ADM CODE & 309 M/D LAW ABATE THE NUISANCE CONSISTING OF LOCKABLE SLIDE BOLT AT INTERIOR EGRESS DOOR (W3 APARTMENT DOOR FROM PUBLIC HALL) LOCATED AT APT 3F, 3rd STORY, 4th APARTMENT FROM SOUTH AT WEST"
FALSE CERTIFICATION,12820459,B,Violations,12820459,,3J,,"SECTION 27-2005 ADM CODE PROPERLY REPAIR THE BROKEN OR DEFECTIVE BELL/BUZZER INTERCOM SYSTEM IN THE PRIVATE HALLWAY LOCATED AT APT 3J, 3rd STORY"
FALSE CERTIFICATION,12984715,C,Violations,12984715,,5C,,"HMC ADM CODE: ï¿½ 27-2017.4 ABATE THE INFESTATION CONSISTING OF MICE LOCATED AT APT 5C, 5th STORY, 5th APARTMENT FROM NORTH AT EAST"
NOT COMPLIED WITH,13012663,C,Violations,13012663,,3B,,"HMC ADM CODE: ï¿½ 27-2017.4 ABATE THE INFESTATION CONSISTING OF ROACHES IN THE ENTIRE APARTMENT LOCATED AT APT 3B, 3rd STORY, 2nd APARTMENT FROM EAST AT SOUTH"
NOT COMPLIED WITH,13012681,C,Violations,13012681,,3B,,"HMC ADM CODE: ï¿½ 27-2017.4 ABATE THE INFESTATION CONSISTING OF MICE IN THE ENTIRE APARTMENT LOCATED AT APT 3B, 3rd STORY, 2nd APARTMENT FROM EAST AT SOUTH"
DEFECT LETTER ISSUED,13130224,C,Violations,13130224,,2J,,"HMC ADM CODE: ï¿½ 27-2017.4 ABATE THE INFESTATION CONSISTING OF MICE IN THE ENTIRE APARTMENT LOCATED AT APT 2J, 2nd STORY, 1st APARTMENT FROM WEST AT NORTH"
DEFECT LETTER ISSUED,13130219,C,Violations,13130219,,2J,,"HMC ADM CODE: ï¿½ 27-2017.4 ABATE THE INFESTATION CONSISTING OF ROACHES IN THE ENTIRE APARTMENT LOCATED AT APT 2J, 2nd STORY, 1st APARTMENT FROM WEST AT NORTH"
DEFECT LETTER ISSUED,13349009,C,Violations,13349009,,3E,,"HMC ADM CODE: ï¿½ 27-2017.4 ABATE THE INFESTATION CONSISTING OF MICE IN THE ENTIRE APARTMENT LOCATED AT APT 3E, 3rd STORY, 2nd APARTMENT FROM SOUTH AT WEST"
FIRST NO ACCESS TO RE- INSPECT VIOLATION,13552989,A,Violations,13552989,,3F,,"SECTION 27-2013 ADM CODE PAINT WITH LIGHT COLORED PAINT TO THE SATISFACTION OF THIS DEPARTMENT ALL PEELING PAINT SURFACES IN THE FOYER , THE PRIVATE HALLWAY , THE BATHROOM , THE KITCHEN , THE 3rd ROOM FROM NORTH, THE 2nd ROOM FROM NORTH LOCATED AT APT 3F, 3rd STORY, 2nd APARTMENT FROM SOUTH AT WEST"
DEFECT LETTER ISSUED,13599737,C,Violations,13599737,,2J,,"HMC ADM CODE: ï¿½ 27-2017.4 ABATE THE INFESTATION CONSISTING OF MICE IN THE ENTIRE APARTMENT LOCATED AT APT 2J, 2nd STORY, 2nd APARTMENT FROM WEST AT NORTH"
DEFECT LETTER ISSUED,13606608,C,Violations,13606608,,1E,,"HMC ADM CODE: ï¿½ 27-2017.4 ABATE THE INFESTATION CONSISTING OF MICE IN THE ENTIRE APARTMENT LOCATED AT APT 1E, 1st STORY, 2nd APARTMENT FROM SOUTH AT WEST"
DEFECT LETTER ISSUED,13606607,C,Violations,13606607,,1E,,"HMC ADM CODE: ï¿½ 27-2017.4 ABATE THE INFESTATION CONSISTING OF ROACHES IN THE ENTIRE APARTMENT LOCATED AT APT 1E, 1st STORY, 2nd APARTMENT FROM SOUTH AT WEST"
FIRST NO ACCESS TO RE- INSPECT VIOLATION,13634201,B,Violations,13634201,,3F,,"SECTION 27-2005 ADM CODE PROPERLY SECURE THE LOOSE CABINET MOLDING IN THE KITCHEN LOCATED AT APT 3F, 3rd STORY, 3rd APARTMENT FROM SOUTH AT WEST"
FIRST NO ACCESS TO RE- INSPECT VIOLATION,13634202,B,Violations,13634202,,3F,,"SECTION 27-2005 ADM CODE PROPERLY REPAIR THE BROKEN OR DEFECTIVE GAS RANGE OVEN IN THE KITCHEN LOCATED AT APT 3F, 3rd STORY, 3rd APARTMENT FROM SOUTH AT WEST"
FIRST NO ACCESS TO RE- INSPECT VIOLATION,13634205,B,Violations,13634205,,3F,,"SECTION 27-2005 ADM CODE REPLACE WITH NEW THE BROKEN OR DEFECTIVE DOOR IN THE BATHROOM LOCATED AT APT 3F, 3rd STORY, 3rd APARTMENT FROM SOUTH AT WEST"
FIRST NO ACCESS TO RE- INSPECT VIOLATION,13706476,A,Violations,13706476,,3F,,"SECTION 27-2013 ADM CODE PAINT WITH LIGHT COLORED PAINT TO THE SATISFACTION OF THIS DEPARTMENT THE 1st WINDOW FRAME FROM SOUTH AT WEST WALL IN THE 2nd ROOM FROM NORTH LOCATED AT APT 3F, 3rd STORY, 3rd APARTMENT FROM SOUTH AT WEST"
FIRST NO ACCESS TO RE- INSPECT VIOLATION,13706475,A,Violations,13706475,,3F,,"SECTION 27-2013 ADM CODE PAINT WITH LIGHT COLORED PAINT TO THE SATISFACTION OF THIS DEPARTMENT THE CEILING IN THE 1st ROOM FROM NORTH LOCATED AT APT 3F, 3rd STORY, 3rd APARTMENT FROM SOUTH AT WEST"
NOT COMPLIED WITH,13715801,B,Violations,13715801,,1H,,"SECTION 27-2005 ADM CODE PROPERLY REPAIR THE BROKEN OR DEFECTIVE INTERCOM SYSTEM FROM 1ST STY PUBLIC HALL TO APT LOCATED AT APT 1H, 1st STORY, 3rd APARTMENT FROM SOUTH AT WEST , SECTION ''NORTH''"
NOT COMPLIED WITH,13715853,A,Violations,13715853,,1H,,"SECTION 27-2013 ADM CODE PAINT WITH LIGHT COLORED PAINT TO THE SATISFACTION OF THIS DEPARTMENT LAUNDRY CABINET IN THE BATHROOM LOCATED AT APT 1H, 1st STORY, 3rd APARTMENT FROM SOUTH AT WEST , SECTION ''NORTH''"
FIRST NO ACCESS TO RE- INSPECT VIOLATION,8158604,B,Violations,8158604,,1G,,"SECTION 27-2005 ADM CODE & 309 M/D LAW ABATE THE NUISANCE CONSISTING OF CONCEALED WATER LEAK AT CEILING AND WEST WALL IN THE 3rd ROOM FROM NORTH LOCATED AT APT 1G, 2nd STORY, 2nd APARTMENT FROM SOUTH AT WEST , SECTION AT NORTH"
FIRST NO ACCESS TO RE- INSPECT VIOLATION,8505153,B,Violations,8505153,,1G,,"SECTION 27-2018 ADMIN. CODE: ABATE THE NUISANCE CONSISTING OF ROACHES IN THE ENTIRE APARTMENT LOCATED AT APT 1G, 1st STORY, APARTMENT AT WEST"
FIRST NO ACCESS TO RE- INSPECT VIOLATION,8505160,B,Violations,8505160,,1G,,"SECTION 27-2005 ADM CODE & 309 M/D LAW ABATE THE NUISANCE CONSISTING OF CONCEALED WATER LEAK CEILING IN THE SOUTH BEDROOMJ LOCATED AT APT 1G, 1st STORY, APARTMENT AT WEST"
NOV SENT OUT,15454602,B,Violations,15454602,,4H,,"SECTION 27-2026, 2027 HMC: PROPERLY REPAIR THE SOURCE AND ABATE THE EVIDENCE OF A WATER LEAK OVER CEILING. IN THE KITCHEN LOCATED AT APT 4H, 3rd STORY, 3rd APARTMENT FROM EAST AT SOUTH , SECTION ''west''"
NOV SENT OUT,15545831,B,Violations,15545831,,1E,,"SECTION 27-2026, 2027 HMC: PROPERLY REPAIR THE SOURCE AND ABATE THE EVIDENCE OF A WATER LEAK AT CEILING IN THE BATHROOM LOCATED AT APT 1E, 1st STORY, 2nd APARTMENT FROM SOUTH AT WEST"
NOV SENT OUT,15545832,B,Violations,15545832,,1E,,"SECTION 27-2005 ADM CODE PROPERLY REPAIR THE BROKEN OR DEFECTIVE EAST CLOSET DOOR OFF TRACK IN THE PRIVATE HALLWAY LOCATED AT APT 1E, 1st STORY, 2nd APARTMENT FROM SOUTH AT WEST"
NOV SENT OUT,15545833,B,Violations,15545833,,1E,,"SECTION 27-2005 ADM CODE PROPERLY REPAIR THE BROKEN OR DEFECTIVE NORTH CLOSET DOOR OFF TRACK IN THE FOYER LOCATED AT APT 1E, 1st STORY, 2nd APARTMENT FROM SOUTH AT WEST"
NOV SENT OUT,15464036,A,Violations,15464036,,,,"SECTION 27-2042 ADM CODE PROVIDE A MIRROR IN SELF-SERVICE ELEVATOR ARRANGED SO AS TO ENABLE A PERSON ENTERING, TO VIEW INSIDE OF ELEVATOR NUMBER # 4P3818"
